"","estimate","2.5 %","97.5 %"
"INIT.V2.FRAC",0.000349187532415861,0.0000975840306759992,0.00124869690588586
"REL.BETA.RATE2",2.60495945433787,2.47532759033784,2.7345913183379
"PROB.REINFEC.V2",0.0279121706700716,0.0164929117646219,0.0468611089343524
"prevalence",73.4169988716757,0.696385808418407,1.33538128135295
"r",0.0308017575095353,0.0255114612965243,0.0360920537225463
