"INIT.V2.FRAC","REL.BETA.RATE2","PROB.REINFEC.V2","prevalence","r","IHR.V2.PROP","loglike"
0.00120570082086942,2.41784020786619,0.00000653734234264939,56.4972085869403,0.0331451081246568,0.796693424375528,-121.005322743466
0.00110593573601915,2.4199606561064,0.003630607032312,57.2227014718987,0.0334884191854828,0.795699324359306,-120.647970445432
0.0000828966828897327,2.51613025839148,0.0537985037421329,72.8009263489243,0.0450352025120035,0.735878781892331,-113.257252924568
0.0000830043866988118,2.51625075912802,0.0538039498403276,72.8006819093346,0.0450159238169313,0.735762283755967,-113.256614200233
0.0000879291202877903,2.51070202834977,0.0536437593179704,72.5969904124747,0.0448004497940873,0.736870010140715,-113.252359573358
0.000086569507901582,2.51128577624937,0.0537705415645707,72.7084035156818,0.0448765750172261,0.736666542571796,-113.251772222345
0.0000885405577442519,2.50764615828727,0.0538579736305718,72.7013297839024,0.0448301393421475,0.736962819081144,-113.251108083656
0.0000847795833937818,2.51878070356238,0.0532567872486314,72.8385912486368,0.0447340118810819,0.740559050140172,-113.250676284695
